,Code,Code Type,Description,Type,Notes
,E08,ICD10CM,Diabetes mellitus due to underlying condition,Diabetes due to underlying condition,
,E080,ICD10CM,Diabetes mellitus due to underlying condition with hyperosmolarity,Diabetes due to underlying condition,
,E0800,ICD10CM,Diabetes mellitus due to underlying condition with hyperosmolarity without nonketotic hyperglycemic-hyperosmolar coma (NKHHC),Diabetes due to underlying condition,
,E0801,ICD10CM,Diabetes mellitus due to underlying condition with hyperosmolarity with coma,Diabetes due to underlying condition,
,E081,ICD10CM,Diabetes mellitus due to underlying condition with ketoacidosis,Diabetes due to underlying condition,
,E0810,ICD10CM,Diabetes mellitus due to underlying condition with ketoacidosis without coma,Diabetes due to underlying condition,
,E0811,ICD10CM,Diabetes mellitus due to underlying condition with ketoacidosis with coma,Diabetes due to underlying condition,
,E082,ICD10CM,Diabetes mellitus due to underlying condition with kidney complications,Diabetes due to underlying condition,
,E0821,ICD10CM,Diabetes mellitus due to underlying condition with diabetic nephropathy,Diabetes due to underlying condition,
,E0822,ICD10CM,Diabetes mellitus due to underlying condition with diabetic chronic kidney disease,Diabetes due to underlying condition,
,E0829,ICD10CM,Diabetes mellitus due to underlying condition with other diabetic kidney complication,Diabetes due to underlying condition,
,E083,ICD10CM,Diabetes mellitus due to underlying condition with ophthalmic complications,Diabetes due to underlying condition,
,E0831,ICD10CM,Diabetes mellitus due to underlying condition with unspecified diabetic retinopathy,Diabetes due to underlying condition,
,E08311,ICD10CM,Diabetes mellitus due to underlying condition with unspecified diabetic retinopathy with macular edema,Diabetes due to underlying condition,
,E08319,ICD10CM,Diabetes mellitus due to underlying condition with unspecified diabetic retinopathy without macular edema,Diabetes due to underlying condition,
,E0832,ICD10CM,Diabetes mellitus due to underlying condition with mild nonproliferative diabetic retinopathy,Diabetes due to underlying condition,
,E08321,ICD10CM,Diabetes mellitus due to underlying condition with mild nonproliferative diabetic retinopathy with macular edema,Diabetes due to underlying condition,
,E083211,ICD10CM,"Diabetes mellitus due to underlying condition with mild nonproliferative diabetic retinopathy with macular edema, right eye",Diabetes due to underlying condition,
,E083212,ICD10CM,"Diabetes mellitus due to underlying condition with mild nonproliferative diabetic retinopathy with macular edema, left eye",Diabetes due to underlying condition,
,E083213,ICD10CM,"Diabetes mellitus due to underlying condition with mild nonproliferative diabetic retinopathy with macular edema, bilateral",Diabetes due to underlying condition,
,E083219,ICD10CM,"Diabetes mellitus due to underlying condition with mild nonproliferative diabetic retinopathy with macular edema, unspecified eye",Diabetes due to underlying condition,
,E08329,ICD10CM,Diabetes mellitus due to underlying condition with mild nonproliferative diabetic retinopathy without macular edema,Diabetes due to underlying condition,
,E083291,ICD10CM,"Diabetes mellitus due to underlying condition with mild nonproliferative diabetic retinopathy without macular edema, right eye",Diabetes due to underlying condition,
,E083292,ICD10CM,"Diabetes mellitus due to underlying condition with mild nonproliferative diabetic retinopathy without macular edema, left eye",Diabetes due to underlying condition,
,E083293,ICD10CM,"Diabetes mellitus due to underlying condition with mild nonproliferative diabetic retinopathy without macular edema, bilateral",Diabetes due to underlying condition,
,E083299,ICD10CM,"Diabetes mellitus due to underlying condition with mild nonproliferative diabetic retinopathy without macular edema, unspecified eye",Diabetes due to underlying condition,
,E0833,ICD10CM,Diabetes mellitus due to underlying condition with moderate nonproliferative diabetic retinopathy,Diabetes due to underlying condition,
,E08331,ICD10CM,Diabetes mellitus due to underlying condition with moderate nonproliferative diabetic retinopathy with macular edema,Diabetes due to underlying condition,
,E083311,ICD10CM,"Diabetes mellitus due to underlying condition with moderate nonproliferative diabetic retinopathy with macular edema, right eye",Diabetes due to underlying condition,
,E083312,ICD10CM,"Diabetes mellitus due to underlying condition with moderate nonproliferative diabetic retinopathy with macular edema, left eye",Diabetes due to underlying condition,
,E083313,ICD10CM,"Diabetes mellitus due to underlying condition with moderate nonproliferative diabetic retinopathy with macular edema, bilateral",Diabetes due to underlying condition,
,E083319,ICD10CM,"Diabetes mellitus due to underlying condition with moderate nonproliferative diabetic retinopathy with macular edema, unspecified eye",Diabetes due to underlying condition,
,E08339,ICD10CM,Diabetes mellitus due to underlying condition with moderate nonproliferative diabetic retinopathy without macular edema,Diabetes due to underlying condition,
,E083391,ICD10CM,"Diabetes mellitus due to underlying condition with moderate nonproliferative diabetic retinopathy without macular edema, right eye",Diabetes due to underlying condition,
,E083392,ICD10CM,"Diabetes mellitus due to underlying condition with moderate nonproliferative diabetic retinopathy without macular edema, left eye",Diabetes due to underlying condition,
,E083393,ICD10CM,"Diabetes mellitus due to underlying condition with moderate nonproliferative diabetic retinopathy without macular edema, bilateral",Diabetes due to underlying condition,
,E083399,ICD10CM,"Diabetes mellitus due to underlying condition with moderate nonproliferative diabetic retinopathy without macular edema, unspecified eye",Diabetes due to underlying condition,
,E0834,ICD10CM,Diabetes mellitus due to underlying condition with severe nonproliferative diabetic retinopathy,Diabetes due to underlying condition,
,E08341,ICD10CM,Diabetes mellitus due to underlying condition with severe nonproliferative diabetic retinopathy with macular edema,Diabetes due to underlying condition,
,E083411,ICD10CM,"Diabetes mellitus due to underlying condition with severe nonproliferative diabetic retinopathy with macular edema, right eye",Diabetes due to underlying condition,
,E083412,ICD10CM,"Diabetes mellitus due to underlying condition with severe nonproliferative diabetic retinopathy with macular edema, left eye",Diabetes due to underlying condition,
,E083413,ICD10CM,"Diabetes mellitus due to underlying condition with severe nonproliferative diabetic retinopathy with macular edema, bilateral",Diabetes due to underlying condition,
,E083419,ICD10CM,"Diabetes mellitus due to underlying condition with severe nonproliferative diabetic retinopathy with macular edema, unspecified eye",Diabetes due to underlying condition,
,E08349,ICD10CM,Diabetes mellitus due to underlying condition with severe nonproliferative diabetic retinopathy without macular edema,Diabetes due to underlying condition,
,E083491,ICD10CM,"Diabetes mellitus due to underlying condition with severe nonproliferative diabetic retinopathy without macular edema, right eye",Diabetes due to underlying condition,
,E083492,ICD10CM,"Diabetes mellitus due to underlying condition with severe nonproliferative diabetic retinopathy without macular edema, left eye",Diabetes due to underlying condition,
,E083493,ICD10CM,"Diabetes mellitus due to underlying condition with severe nonproliferative diabetic retinopathy without macular edema, bilateral",Diabetes due to underlying condition,
,E083499,ICD10CM,"Diabetes mellitus due to underlying condition with severe nonproliferative diabetic retinopathy without macular edema, unspecified eye",Diabetes due to underlying condition,
,E0835,ICD10CM,Diabetes mellitus due to underlying condition with proliferative diabetic retinopathy,Diabetes due to underlying condition,
,E08351,ICD10CM,Diabetes mellitus due to underlying condition with proliferative diabetic retinopathy with macular edema,Diabetes due to underlying condition,
,E083511,ICD10CM,"Diabetes mellitus due to underlying condition with proliferative diabetic retinopathy with macular edema, right eye",Diabetes due to underlying condition,
,E083512,ICD10CM,"Diabetes mellitus due to underlying condition with proliferative diabetic retinopathy with macular edema, left eye",Diabetes due to underlying condition,
,E083513,ICD10CM,"Diabetes mellitus due to underlying condition with proliferative diabetic retinopathy with macular edema, bilateral",Diabetes due to underlying condition,
,E083519,ICD10CM,"Diabetes mellitus due to underlying condition with proliferative diabetic retinopathy with macular edema, unspecified eye",Diabetes due to underlying condition,
,E08352,ICD10CM,Diabetes mellitus due to underlying condition with proliferative diabetic retinopathy with traction retinal detachment involving the macula,Diabetes due to underlying condition,
,E083521,ICD10CM,"Diabetes mellitus due to underlying condition with proliferative diabetic retinopathy with traction retinal detachment involving the macula, right eye",Diabetes due to underlying condition,
,E083522,ICD10CM,"Diabetes mellitus due to underlying condition with proliferative diabetic retinopathy with traction retinal detachment involving the macula, left eye",Diabetes due to underlying condition,
,E083523,ICD10CM,"Diabetes mellitus due to underlying condition with proliferative diabetic retinopathy with traction retinal detachment involving the macula, bilateral",Diabetes due to underlying condition,
,E083529,ICD10CM,"Diabetes mellitus due to underlying condition with proliferative diabetic retinopathy with traction retinal detachment involving the macula, unspecified eye",Diabetes due to underlying condition,
,E08353,ICD10CM,Diabetes mellitus due to underlying condition with proliferative diabetic retinopathy with traction retinal detachment not involving the macula,Diabetes due to underlying condition,
,E083531,ICD10CM,"Diabetes mellitus due to underlying condition with proliferative diabetic retinopathy with traction retinal detachment not involving the macula, right eye",Diabetes due to underlying condition,
,E083532,ICD10CM,"Diabetes mellitus due to underlying condition with proliferative diabetic retinopathy with traction retinal detachment not involving the macula, left eye",Diabetes due to underlying condition,
,E083533,ICD10CM,"Diabetes mellitus due to underlying condition with proliferative diabetic retinopathy with traction retinal detachment not involving the macula, bilateral",Diabetes due to underlying condition,
,E083539,ICD10CM,"Diabetes mellitus due to underlying condition with proliferative diabetic retinopathy with traction retinal detachment not involving the macula, unspecified eye",Diabetes due to underlying condition,
,E08354,ICD10CM,Diabetes mellitus due to underlying condition with proliferative diabetic retinopathy with combined traction retinal detachment and rhegmatogenous retinal detachment,Diabetes due to underlying condition,
,E083541,ICD10CM,"Diabetes mellitus due to underlying condition with proliferative diabetic retinopathy with combined traction retinal detachment and rhegmatogenous retinal detachment, right eye",Diabetes due to underlying condition,
,E083542,ICD10CM,"Diabetes mellitus due to underlying condition with proliferative diabetic retinopathy with combined traction retinal detachment and rhegmatogenous retinal detachment, left eye",Diabetes due to underlying condition,
,E083543,ICD10CM,"Diabetes mellitus due to underlying condition with proliferative diabetic retinopathy with combined traction retinal detachment and rhegmatogenous retinal detachment, bilateral",Diabetes due to underlying condition,
,E083549,ICD10CM,"Diabetes mellitus due to underlying condition with proliferative diabetic retinopathy with combined traction retinal detachment and rhegmatogenous retinal detachment, unspecified eye",Diabetes due to underlying condition,
,E08355,ICD10CM,Diabetes mellitus due to underlying condition with stable proliferative diabetic retinopathy,Diabetes due to underlying condition,
,E083551,ICD10CM,"Diabetes mellitus due to underlying condition with stable proliferative diabetic retinopathy, right eye",Diabetes due to underlying condition,
,E083552,ICD10CM,"Diabetes mellitus due to underlying condition with stable proliferative diabetic retinopathy, left eye",Diabetes due to underlying condition,
,E083553,ICD10CM,"Diabetes mellitus due to underlying condition with stable proliferative diabetic retinopathy, bilateral",Diabetes due to underlying condition,
,E083559,ICD10CM,"Diabetes mellitus due to underlying condition with stable proliferative diabetic retinopathy, unspecified eye",Diabetes due to underlying condition,
,E08359,ICD10CM,Diabetes mellitus due to underlying condition with proliferative diabetic retinopathy without macular edema,Diabetes due to underlying condition,
,E083591,ICD10CM,"Diabetes mellitus due to underlying condition with proliferative diabetic retinopathy without macular edema, right eye",Diabetes due to underlying condition,
,E083592,ICD10CM,"Diabetes mellitus due to underlying condition with proliferative diabetic retinopathy without macular edema, left eye",Diabetes due to underlying condition,
,E083593,ICD10CM,"Diabetes mellitus due to underlying condition with proliferative diabetic retinopathy without macular edema, bilateral",Diabetes due to underlying condition,
,E083599,ICD10CM,"Diabetes mellitus due to underlying condition with proliferative diabetic retinopathy without macular edema, unspecified eye",Diabetes due to underlying condition,
,E0836,ICD10CM,Diabetes mellitus due to underlying condition with diabetic cataract,Diabetes due to underlying condition,
,E0837,ICD10CM,"Diabetes mellitus due to underlying condition with diabetic macular edema, resolved following treatment",Diabetes due to underlying condition,
,E0837X1,ICD10CM,"Diabetes mellitus due to underlying condition with diabetic macular edema, resolved following treatment, right eye",Diabetes due to underlying condition,
,E0837X2,ICD10CM,"Diabetes mellitus due to underlying condition with diabetic macular edema, resolved following treatment, left eye",Diabetes due to underlying condition,
,E0837X3,ICD10CM,"Diabetes mellitus due to underlying condition with diabetic macular edema, resolved following treatment, bilateral",Diabetes due to underlying condition,
,E0837X9,ICD10CM,"Diabetes mellitus due to underlying condition with diabetic macular edema, resolved following treatment, unspecified eye",Diabetes due to underlying condition,
,E0839,ICD10CM,Diabetes mellitus due to underlying condition with other diabetic ophthalmic complication,Diabetes due to underlying condition,
,E084,ICD10CM,Diabetes mellitus due to underlying condition with neurological complications,Diabetes due to underlying condition,
,E0840,ICD10CM,"Diabetes mellitus due to underlying condition with diabetic neuropathy, unspecified",Diabetes due to underlying condition,
,E0841,ICD10CM,Diabetes mellitus due to underlying condition with diabetic mononeuropathy,Diabetes due to underlying condition,
,E0842,ICD10CM,Diabetes mellitus due to underlying condition with diabetic polyneuropathy,Diabetes due to underlying condition,
,E0843,ICD10CM,Diabetes mellitus due to underlying condition with diabetic autonomic (poly)neuropathy,Diabetes due to underlying condition,
,E0844,ICD10CM,Diabetes mellitus due to underlying condition with diabetic amyotrophy,Diabetes due to underlying condition,
,E0849,ICD10CM,Diabetes mellitus due to underlying condition with other diabetic neurological complication,Diabetes due to underlying condition,
,E085,ICD10CM,Diabetes mellitus due to underlying condition with circulatory complications,Diabetes due to underlying condition,
,E0851,ICD10CM,Diabetes mellitus due to underlying condition with diabetic peripheral angiopathy without gangrene,Diabetes due to underlying condition,
,E0852,ICD10CM,Diabetes mellitus due to underlying condition with diabetic peripheral angiopathy with gangrene,Diabetes due to underlying condition,
,E0859,ICD10CM,Diabetes mellitus due to underlying condition with other circulatory complications,Diabetes due to underlying condition,
,E086,ICD10CM,Diabetes mellitus due to underlying condition with other specified complications,Diabetes due to underlying condition,
,E0861,ICD10CM,Diabetes mellitus due to underlying condition with diabetic arthropathy,Diabetes due to underlying condition,
,E08610,ICD10CM,Diabetes mellitus due to underlying condition with diabetic neuropathic arthropathy,Diabetes due to underlying condition,
,E08618,ICD10CM,Diabetes mellitus due to underlying condition with other diabetic arthropathy,Diabetes due to underlying condition,
,E0862,ICD10CM,Diabetes mellitus due to underlying condition with skin complications,Diabetes due to underlying condition,
,E08620,ICD10CM,Diabetes mellitus due to underlying condition with diabetic dermatitis,Diabetes due to underlying condition,
,E08621,ICD10CM,Diabetes mellitus due to underlying condition with foot ulcer,Diabetes due to underlying condition,
,E08622,ICD10CM,Diabetes mellitus due to underlying condition with other skin ulcer,Diabetes due to underlying condition,
,E08628,ICD10CM,Diabetes mellitus due to underlying condition with other skin complications,Diabetes due to underlying condition,
,E0863,ICD10CM,Diabetes mellitus due to underlying condition with oral complications,Diabetes due to underlying condition,
,E08630,ICD10CM,Diabetes mellitus due to underlying condition with periodontal disease,Diabetes due to underlying condition,
,E08638,ICD10CM,Diabetes mellitus due to underlying condition with other oral complications,Diabetes due to underlying condition,
,E0865,ICD10CM,Diabetes mellitus due to underlying condition with hyperglycemia,Diabetes due to underlying condition,
,E0869,ICD10CM,Diabetes mellitus due to underlying condition with other specified complication,Diabetes due to underlying condition,
,E088,ICD10CM,Diabetes mellitus due to underlying condition with unspecified complications,Diabetes due to underlying condition,
,E089,ICD10CM,Diabetes mellitus due to underlying condition without complications,Diabetes due to underlying condition,
,E09,ICD10CM,Drug or chemical induced diabetes mellitus,Drug induced diabetes,
,E090,ICD10CM,Drug or chemical induced diabetes mellitus with hyperosmolarity,Drug induced diabetes,
,E0900,ICD10CM,Drug or chemical induced diabetes mellitus with hyperosmolarity without nonketotic hyperglycemic-hyperosmolar coma (NKHHC),Drug induced diabetes,
,E0901,ICD10CM,Drug or chemical induced diabetes mellitus with hyperosmolarity with coma,Drug induced diabetes,
,E091,ICD10CM,Drug or chemical induced diabetes mellitus with ketoacidosis,Drug induced diabetes,
,E0910,ICD10CM,Drug or chemical induced diabetes mellitus with ketoacidosis without coma,Drug induced diabetes,
,E0911,ICD10CM,Drug or chemical induced diabetes mellitus with ketoacidosis with coma,Drug induced diabetes,
,E092,ICD10CM,Drug or chemical induced diabetes mellitus with kidney complications,Drug induced diabetes,
,E0921,ICD10CM,Drug or chemical induced diabetes mellitus with diabetic nephropathy,Drug induced diabetes,
,E0922,ICD10CM,Drug or chemical induced diabetes mellitus with diabetic chronic kidney disease,Drug induced diabetes,
,E0929,ICD10CM,Drug or chemical induced diabetes mellitus with other diabetic kidney complication,Drug induced diabetes,
,E093,ICD10CM,Drug or chemical induced diabetes mellitus with ophthalmic complications,Drug induced diabetes,
,E0931,ICD10CM,Drug or chemical induced diabetes mellitus with unspecified diabetic retinopathy,Drug induced diabetes,
,E09311,ICD10CM,Drug or chemical induced diabetes mellitus with unspecified diabetic retinopathy with macular edema,Drug induced diabetes,
,E09319,ICD10CM,Drug or chemical induced diabetes mellitus with unspecified diabetic retinopathy without macular edema,Drug induced diabetes,
,E0932,ICD10CM,Drug or chemical induced diabetes mellitus with mild nonproliferative diabetic retinopathy,Drug induced diabetes,
,E09321,ICD10CM,Drug or chemical induced diabetes mellitus with mild nonproliferative diabetic retinopathy with macular edema,Drug induced diabetes,
,E093211,ICD10CM,"Drug or chemical induced diabetes mellitus with mild nonproliferative diabetic retinopathy with macular edema, right eye",Drug induced diabetes,
,E093212,ICD10CM,"Drug or chemical induced diabetes mellitus with mild nonproliferative diabetic retinopathy with macular edema, left eye",Drug induced diabetes,
,E093213,ICD10CM,"Drug or chemical induced diabetes mellitus with mild nonproliferative diabetic retinopathy with macular edema, bilateral",Drug induced diabetes,
,E093219,ICD10CM,"Drug or chemical induced diabetes mellitus with mild nonproliferative diabetic retinopathy with macular edema, unspecified eye",Drug induced diabetes,
,E09329,ICD10CM,Drug or chemical induced diabetes mellitus with mild nonproliferative diabetic retinopathy without macular edema,Drug induced diabetes,
,E093291,ICD10CM,"Drug or chemical induced diabetes mellitus with mild nonproliferative diabetic retinopathy without macular edema, right eye",Drug induced diabetes,
,E093292,ICD10CM,"Drug or chemical induced diabetes mellitus with mild nonproliferative diabetic retinopathy without macular edema, left eye",Drug induced diabetes,
,E093293,ICD10CM,"Drug or chemical induced diabetes mellitus with mild nonproliferative diabetic retinopathy without macular edema, bilateral",Drug induced diabetes,
,E093299,ICD10CM,"Drug or chemical induced diabetes mellitus with mild nonproliferative diabetic retinopathy without macular edema, unspecified eye",Drug induced diabetes,
,E0933,ICD10CM,Drug or chemical induced diabetes mellitus with moderate nonproliferative diabetic retinopathy,Drug induced diabetes,
,E09331,ICD10CM,Drug or chemical induced diabetes mellitus with moderate nonproliferative diabetic retinopathy with macular edema,Drug induced diabetes,
,E093311,ICD10CM,"Drug or chemical induced diabetes mellitus with moderate nonproliferative diabetic retinopathy with macular edema, right eye",Drug induced diabetes,
,E093312,ICD10CM,"Drug or chemical induced diabetes mellitus with moderate nonproliferative diabetic retinopathy with macular edema, left eye",Drug induced diabetes,
,E093313,ICD10CM,"Drug or chemical induced diabetes mellitus with moderate nonproliferative diabetic retinopathy with macular edema, bilateral",Drug induced diabetes,
,E093319,ICD10CM,"Drug or chemical induced diabetes mellitus with moderate nonproliferative diabetic retinopathy with macular edema, unspecified eye",Drug induced diabetes,
,E09339,ICD10CM,Drug or chemical induced diabetes mellitus with moderate nonproliferative diabetic retinopathy without macular edema,Drug induced diabetes,
,E093391,ICD10CM,"Drug or chemical induced diabetes mellitus with moderate nonproliferative diabetic retinopathy without macular edema, right eye",Drug induced diabetes,
,E093392,ICD10CM,"Drug or chemical induced diabetes mellitus with moderate nonproliferative diabetic retinopathy without macular edema, left eye",Drug induced diabetes,
,E093393,ICD10CM,"Drug or chemical induced diabetes mellitus with moderate nonproliferative diabetic retinopathy without macular edema, bilateral",Drug induced diabetes,
,E093399,ICD10CM,"Drug or chemical induced diabetes mellitus with moderate nonproliferative diabetic retinopathy without macular edema, unspecified eye",Drug induced diabetes,
,E0934,ICD10CM,Drug or chemical induced diabetes mellitus with severe nonproliferative diabetic retinopathy,Drug induced diabetes,
,E09341,ICD10CM,Drug or chemical induced diabetes mellitus with severe nonproliferative diabetic retinopathy with macular edema,Drug induced diabetes,
,E093411,ICD10CM,"Drug or chemical induced diabetes mellitus with severe nonproliferative diabetic retinopathy with macular edema, right eye",Drug induced diabetes,
,E093412,ICD10CM,"Drug or chemical induced diabetes mellitus with severe nonproliferative diabetic retinopathy with macular edema, left eye",Drug induced diabetes,
,E093413,ICD10CM,"Drug or chemical induced diabetes mellitus with severe nonproliferative diabetic retinopathy with macular edema, bilateral",Drug induced diabetes,
,E093419,ICD10CM,"Drug or chemical induced diabetes mellitus with severe nonproliferative diabetic retinopathy with macular edema, unspecified eye",Drug induced diabetes,
,E09349,ICD10CM,Drug or chemical induced diabetes mellitus with severe nonproliferative diabetic retinopathy without macular edema,Drug induced diabetes,
,E093491,ICD10CM,"Drug or chemical induced diabetes mellitus with severe nonproliferative diabetic retinopathy without macular edema, right eye",Drug induced diabetes,
,E093492,ICD10CM,"Drug or chemical induced diabetes mellitus with severe nonproliferative diabetic retinopathy without macular edema, left eye",Drug induced diabetes,
,E093493,ICD10CM,"Drug or chemical induced diabetes mellitus with severe nonproliferative diabetic retinopathy without macular edema, bilateral",Drug induced diabetes,
,E093499,ICD10CM,"Drug or chemical induced diabetes mellitus with severe nonproliferative diabetic retinopathy without macular edema, unspecified eye",Drug induced diabetes,
,E0935,ICD10CM,Drug or chemical induced diabetes mellitus with proliferative diabetic retinopathy,Drug induced diabetes,
,E09351,ICD10CM,Drug or chemical induced diabetes mellitus with proliferative diabetic retinopathy with macular edema,Drug induced diabetes,
,E093511,ICD10CM,"Drug or chemical induced diabetes mellitus with proliferative diabetic retinopathy with macular edema, right eye",Drug induced diabetes,
,E093512,ICD10CM,"Drug or chemical induced diabetes mellitus with proliferative diabetic retinopathy with macular edema, left eye",Drug induced diabetes,
,E093513,ICD10CM,"Drug or chemical induced diabetes mellitus with proliferative diabetic retinopathy with macular edema, bilateral",Drug induced diabetes,
,E093519,ICD10CM,"Drug or chemical induced diabetes mellitus with proliferative diabetic retinopathy with macular edema, unspecified eye",Drug induced diabetes,
,E09352,ICD10CM,Drug or chemical induced diabetes mellitus with proliferative diabetic retinopathy with traction retinal detachment involving the macula,Drug induced diabetes,
,E093521,ICD10CM,"Drug or chemical induced diabetes mellitus with proliferative diabetic retinopathy with traction retinal detachment involving the macula, right eye",Drug induced diabetes,
,E093522,ICD10CM,"Drug or chemical induced diabetes mellitus with proliferative diabetic retinopathy with traction retinal detachment involving the macula, left eye",Drug induced diabetes,
,E093523,ICD10CM,"Drug or chemical induced diabetes mellitus with proliferative diabetic retinopathy with traction retinal detachment involving the macula, bilateral",Drug induced diabetes,
,E093529,ICD10CM,"Drug or chemical induced diabetes mellitus with proliferative diabetic retinopathy with traction retinal detachment involving the macula, unspecified eye",Drug induced diabetes,
,E09353,ICD10CM,Drug or chemical induced diabetes mellitus with proliferative diabetic retinopathy with traction retinal detachment not involving the macula,Drug induced diabetes,
,E093531,ICD10CM,"Drug or chemical induced diabetes mellitus with proliferative diabetic retinopathy with traction retinal detachment not involving the macula, right eye",Drug induced diabetes,
,E093532,ICD10CM,"Drug or chemical induced diabetes mellitus with proliferative diabetic retinopathy with traction retinal detachment not involving the macula, left eye",Drug induced diabetes,
,E093533,ICD10CM,"Drug or chemical induced diabetes mellitus with proliferative diabetic retinopathy with traction retinal detachment not involving the macula, bilateral",Drug induced diabetes,
,E093539,ICD10CM,"Drug or chemical induced diabetes mellitus with proliferative diabetic retinopathy with traction retinal detachment not involving the macula, unspecified eye",Drug induced diabetes,
,E09354,ICD10CM,Drug or chemical induced diabetes mellitus with proliferative diabetic retinopathy with combined traction retinal detachment and rhegmatogenous retinal detachment,Drug induced diabetes,
,E093541,ICD10CM,"Drug or chemical induced diabetes mellitus with proliferative diabetic retinopathy with combined traction retinal detachment and rhegmatogenous retinal detachment, right eye",Drug induced diabetes,
,E093542,ICD10CM,"Drug or chemical induced diabetes mellitus with proliferative diabetic retinopathy with combined traction retinal detachment and rhegmatogenous retinal detachment, left eye",Drug induced diabetes,
,E093543,ICD10CM,"Drug or chemical induced diabetes mellitus with proliferative diabetic retinopathy with combined traction retinal detachment and rhegmatogenous retinal detachment, bilateral",Drug induced diabetes,
,E093549,ICD10CM,"Drug or chemical induced diabetes mellitus with proliferative diabetic retinopathy with combined traction retinal detachment and rhegmatogenous retinal detachment, unspecified eye",Drug induced diabetes,
,E09355,ICD10CM,Drug or chemical induced diabetes mellitus with stable proliferative diabetic retinopathy,Drug induced diabetes,
,E093551,ICD10CM,"Drug or chemical induced diabetes mellitus with stable proliferative diabetic retinopathy, right eye",Drug induced diabetes,
,E093552,ICD10CM,"Drug or chemical induced diabetes mellitus with stable proliferative diabetic retinopathy, left eye",Drug induced diabetes,
,E093553,ICD10CM,"Drug or chemical induced diabetes mellitus with stable proliferative diabetic retinopathy, bilateral",Drug induced diabetes,
,E093559,ICD10CM,"Drug or chemical induced diabetes mellitus with stable proliferative diabetic retinopathy, unspecified eye",Drug induced diabetes,
,E09359,ICD10CM,Drug or chemical induced diabetes mellitus with proliferative diabetic retinopathy without macular edema,Drug induced diabetes,
,E093591,ICD10CM,"Drug or chemical induced diabetes mellitus with proliferative diabetic retinopathy without macular edema, right eye",Drug induced diabetes,
,E093592,ICD10CM,"Drug or chemical induced diabetes mellitus with proliferative diabetic retinopathy without macular edema, left eye",Drug induced diabetes,
,E093593,ICD10CM,"Drug or chemical induced diabetes mellitus with proliferative diabetic retinopathy without macular edema, bilateral",Drug induced diabetes,
,E093599,ICD10CM,"Drug or chemical induced diabetes mellitus with proliferative diabetic retinopathy without macular edema, unspecified eye",Drug induced diabetes,
,E0936,ICD10CM,Drug or chemical induced diabetes mellitus with diabetic cataract,Drug induced diabetes,
,E0937,ICD10CM,"Drug or chemical induced diabetes mellitus with diabetic macular edema, resolved following treatment",Drug induced diabetes,
,E0937X1,ICD10CM,"Drug or chemical induced diabetes mellitus with diabetic macular edema, resolved following treatment, right eye",Drug induced diabetes,
,E0937X2,ICD10CM,"Drug or chemical induced diabetes mellitus with diabetic macular edema, resolved following treatment, left eye",Drug induced diabetes,
,E0937X3,ICD10CM,"Drug or chemical induced diabetes mellitus with diabetic macular edema, resolved following treatment, bilateral",Drug induced diabetes,
,E0937X9,ICD10CM,"Drug or chemical induced diabetes mellitus with diabetic macular edema, resolved following treatment, unspecified eye",Drug induced diabetes,
,E0939,ICD10CM,Drug or chemical induced diabetes mellitus with other diabetic ophthalmic complication,Drug induced diabetes,
,E094,ICD10CM,Drug or chemical induced diabetes mellitus with neurological complications,Drug induced diabetes,
,E0940,ICD10CM,"Drug or chemical induced diabetes mellitus with neurological complications with diabetic neuropathy, unspecified",Drug induced diabetes,
,E0941,ICD10CM,Drug or chemical induced diabetes mellitus with neurological complications with diabetic mononeuropathy,Drug induced diabetes,
,E0942,ICD10CM,Drug or chemical induced diabetes mellitus with neurological complications with diabetic polyneuropathy,Drug induced diabetes,
,E0943,ICD10CM,Drug or chemical induced diabetes mellitus with neurological complications with diabetic autonomic (poly)neuropathy,Drug induced diabetes,
,E0944,ICD10CM,Drug or chemical induced diabetes mellitus with neurological complications with diabetic amyotrophy,Drug induced diabetes,
,E0949,ICD10CM,Drug or chemical induced diabetes mellitus with neurological complications with other diabetic neurological complication,Drug induced diabetes,
,E095,ICD10CM,Drug or chemical induced diabetes mellitus with circulatory complications,Drug induced diabetes,
,E0951,ICD10CM,Drug or chemical induced diabetes mellitus with diabetic peripheral angiopathy without gangrene,Drug induced diabetes,
,E0952,ICD10CM,Drug or chemical induced diabetes mellitus with diabetic peripheral angiopathy with gangrene,Drug induced diabetes,
,E0959,ICD10CM,Drug or chemical induced diabetes mellitus with other circulatory complications,Drug induced diabetes,
,E096,ICD10CM,Drug or chemical induced diabetes mellitus with other specified complications,Drug induced diabetes,
,E0961,ICD10CM,Drug or chemical induced diabetes mellitus with diabetic arthropathy,Drug induced diabetes,
,E09610,ICD10CM,Drug or chemical induced diabetes mellitus with diabetic neuropathic arthropathy,Drug induced diabetes,
,E09618,ICD10CM,Drug or chemical induced diabetes mellitus with other diabetic arthropathy,Drug induced diabetes,
,E0962,ICD10CM,Drug or chemical induced diabetes mellitus with skin complications,Drug induced diabetes,
,E09620,ICD10CM,Drug or chemical induced diabetes mellitus with diabetic dermatitis,Drug induced diabetes,
,E09621,ICD10CM,Drug or chemical induced diabetes mellitus with foot ulcer,Drug induced diabetes,
,E09622,ICD10CM,Drug or chemical induced diabetes mellitus with other skin ulcer,Drug induced diabetes,
,E09628,ICD10CM,Drug or chemical induced diabetes mellitus with other skin complications,Drug induced diabetes,
,E0963,ICD10CM,Drug or chemical induced diabetes mellitus with oral complications,Drug induced diabetes,
,E09630,ICD10CM,Drug or chemical induced diabetes mellitus with periodontal disease,Drug induced diabetes,
,E09638,ICD10CM,Drug or chemical induced diabetes mellitus with other oral complications,Drug induced diabetes,
,E0965,ICD10CM,Drug or chemical induced diabetes mellitus with hyperglycemia,Drug induced diabetes,
,E0969,ICD10CM,Drug or chemical induced diabetes mellitus with other specified complication,Drug induced diabetes,
,E098,ICD10CM,Drug or chemical induced diabetes mellitus with unspecified complications,Drug induced diabetes,
,E099,ICD10CM,Drug or chemical induced diabetes mellitus without complications,Drug induced diabetes,
,E10,ICD10CM,Type 1 diabetes mellitus,Type 1 diabetes,
,E101,ICD10CM,Type 1 diabetes mellitus with ketoacidosis,Type 1 diabetes,
,E1010,ICD10CM,Type 1 diabetes mellitus with ketoacidosis without coma,Type 1 diabetes,
,E1011,ICD10CM,Type 1 diabetes mellitus with ketoacidosis with coma,Type 1 diabetes,
,E102,ICD10CM,Type 1 diabetes mellitus with kidney complications,Type 1 diabetes,
,E1021,ICD10CM,Type 1 diabetes mellitus with diabetic nephropathy,Type 1 diabetes,
,E1022,ICD10CM,Type 1 diabetes mellitus with diabetic chronic kidney disease,Type 1 diabetes,
,E1029,ICD10CM,Type 1 diabetes mellitus with other diabetic kidney complication,Type 1 diabetes,
,E103,ICD10CM,Type 1 diabetes mellitus with ophthalmic complications,Type 1 diabetes,
,E1031,ICD10CM,Type 1 diabetes mellitus with unspecified diabetic retinopathy,Type 1 diabetes,
,E10311,ICD10CM,Type 1 diabetes mellitus with unspecified diabetic retinopathy with macular edema,Type 1 diabetes,
,E10319,ICD10CM,Type 1 diabetes mellitus with unspecified diabetic retinopathy without macular edema,Type 1 diabetes,
,E1032,ICD10CM,Type 1 diabetes mellitus with mild nonproliferative diabetic retinopathy,Type 1 diabetes,
,E10321,ICD10CM,Type 1 diabetes mellitus with mild nonproliferative diabetic retinopathy with macular edema,Type 1 diabetes,
,E103211,ICD10CM,"Type 1 diabetes mellitus with mild nonproliferative diabetic retinopathy with macular edema, right eye",Type 1 diabetes,
,E103212,ICD10CM,"Type 1 diabetes mellitus with mild nonproliferative diabetic retinopathy with macular edema, left eye",Type 1 diabetes,
,E103213,ICD10CM,"Type 1 diabetes mellitus with mild nonproliferative diabetic retinopathy with macular edema, bilateral",Type 1 diabetes,
,E103219,ICD10CM,"Type 1 diabetes mellitus with mild nonproliferative diabetic retinopathy with macular edema, unspecified eye",Type 1 diabetes,
,E10329,ICD10CM,Type 1 diabetes mellitus with mild nonproliferative diabetic retinopathy without macular edema,Type 1 diabetes,
,E103291,ICD10CM,"Type 1 diabetes mellitus with mild nonproliferative diabetic retinopathy without macular edema, right eye",Type 1 diabetes,
,E103292,ICD10CM,"Type 1 diabetes mellitus with mild nonproliferative diabetic retinopathy without macular edema, left eye",Type 1 diabetes,
,E103293,ICD10CM,"Type 1 diabetes mellitus with mild nonproliferative diabetic retinopathy without macular edema, bilateral",Type 1 diabetes,
,E103299,ICD10CM,"Type 1 diabetes mellitus with mild nonproliferative diabetic retinopathy without macular edema, unspecified eye",Type 1 diabetes,
,E1033,ICD10CM,Type 1 diabetes mellitus with moderate nonproliferative diabetic retinopathy,Type 1 diabetes,
,E10331,ICD10CM,Type 1 diabetes mellitus with moderate nonproliferative diabetic retinopathy with macular edema,Type 1 diabetes,
,E103311,ICD10CM,"Type 1 diabetes mellitus with moderate nonproliferative diabetic retinopathy with macular edema, right eye",Type 1 diabetes,
,E103312,ICD10CM,"Type 1 diabetes mellitus with moderate nonproliferative diabetic retinopathy with macular edema, left eye",Type 1 diabetes,
,E103313,ICD10CM,"Type 1 diabetes mellitus with moderate nonproliferative diabetic retinopathy with macular edema, bilateral",Type 1 diabetes,
,E103319,ICD10CM,"Type 1 diabetes mellitus with moderate nonproliferative diabetic retinopathy with macular edema, unspecified eye",Type 1 diabetes,
,E10339,ICD10CM,Type 1 diabetes mellitus with moderate nonproliferative diabetic retinopathy without macular edema,Type 1 diabetes,
,E103391,ICD10CM,"Type 1 diabetes mellitus with moderate nonproliferative diabetic retinopathy without macular edema, right eye",Type 1 diabetes,
,E103392,ICD10CM,"Type 1 diabetes mellitus with moderate nonproliferative diabetic retinopathy without macular edema, left eye",Type 1 diabetes,
,E103393,ICD10CM,"Type 1 diabetes mellitus with moderate nonproliferative diabetic retinopathy without macular edema, bilateral",Type 1 diabetes,
,E103399,ICD10CM,"Type 1 diabetes mellitus with moderate nonproliferative diabetic retinopathy without macular edema, unspecified eye",Type 1 diabetes,
,E1034,ICD10CM,Type 1 diabetes mellitus with severe nonproliferative diabetic retinopathy,Type 1 diabetes,
,E10341,ICD10CM,Type 1 diabetes mellitus with severe nonproliferative diabetic retinopathy with macular edema,Type 1 diabetes,
,E103411,ICD10CM,"Type 1 diabetes mellitus with severe nonproliferative diabetic retinopathy with macular edema, right eye",Type 1 diabetes,
,E103412,ICD10CM,"Type 1 diabetes mellitus with severe nonproliferative diabetic retinopathy with macular edema, left eye",Type 1 diabetes,
,E103413,ICD10CM,"Type 1 diabetes mellitus with severe nonproliferative diabetic retinopathy with macular edema, bilateral",Type 1 diabetes,
,E103419,ICD10CM,"Type 1 diabetes mellitus with severe nonproliferative diabetic retinopathy with macular edema, unspecified eye",Type 1 diabetes,
,E10349,ICD10CM,Type 1 diabetes mellitus with severe nonproliferative diabetic retinopathy without macular edema,Type 1 diabetes,
,E103491,ICD10CM,"Type 1 diabetes mellitus with severe nonproliferative diabetic retinopathy without macular edema, right eye",Type 1 diabetes,
,E103492,ICD10CM,"Type 1 diabetes mellitus with severe nonproliferative diabetic retinopathy without macular edema, left eye",Type 1 diabetes,
,E103493,ICD10CM,"Type 1 diabetes mellitus with severe nonproliferative diabetic retinopathy without macular edema, bilateral",Type 1 diabetes,
,E103499,ICD10CM,"Type 1 diabetes mellitus with severe nonproliferative diabetic retinopathy without macular edema, unspecified eye",Type 1 diabetes,
,E1035,ICD10CM,Type 1 diabetes mellitus with proliferative diabetic retinopathy,Type 1 diabetes,
,E10351,ICD10CM,Type 1 diabetes mellitus with proliferative diabetic retinopathy with macular edema,Type 1 diabetes,
,E103511,ICD10CM,"Type 1 diabetes mellitus with proliferative diabetic retinopathy with macular edema, right eye",Type 1 diabetes,
,E103512,ICD10CM,"Type 1 diabetes mellitus with proliferative diabetic retinopathy with macular edema, left eye",Type 1 diabetes,
,E103513,ICD10CM,"Type 1 diabetes mellitus with proliferative diabetic retinopathy with macular edema, bilateral",Type 1 diabetes,
,E103519,ICD10CM,"Type 1 diabetes mellitus with proliferative diabetic retinopathy with macular edema, unspecified eye",Type 1 diabetes,
,E10352,ICD10CM,Type 1 diabetes mellitus with proliferative diabetic retinopathy with traction retinal detachment involving the macula,Type 1 diabetes,
,E103521,ICD10CM,"Type 1 diabetes mellitus with proliferative diabetic retinopathy with traction retinal detachment involving the macula, right eye",Type 1 diabetes,
,E103522,ICD10CM,"Type 1 diabetes mellitus with proliferative diabetic retinopathy with traction retinal detachment involving the macula, left eye",Type 1 diabetes,
,E103523,ICD10CM,"Type 1 diabetes mellitus with proliferative diabetic retinopathy with traction retinal detachment involving the macula, bilateral",Type 1 diabetes,
,E103529,ICD10CM,"Type 1 diabetes mellitus with proliferative diabetic retinopathy with traction retinal detachment involving the macula, unspecified eye",Type 1 diabetes,
,E10353,ICD10CM,Type 1 diabetes mellitus with proliferative diabetic retinopathy with traction retinal detachment not involving the macula,Type 1 diabetes,
,E103531,ICD10CM,"Type 1 diabetes mellitus with proliferative diabetic retinopathy with traction retinal detachment not involving the macula, right eye",Type 1 diabetes,
,E103532,ICD10CM,"Type 1 diabetes mellitus with proliferative diabetic retinopathy with traction retinal detachment not involving the macula, left eye",Type 1 diabetes,
,E103533,ICD10CM,"Type 1 diabetes mellitus with proliferative diabetic retinopathy with traction retinal detachment not involving the macula, bilateral",Type 1 diabetes,
,E103539,ICD10CM,"Type 1 diabetes mellitus with proliferative diabetic retinopathy with traction retinal detachment not involving the macula, unspecified eye",Type 1 diabetes,
,E10354,ICD10CM,Type 1 diabetes mellitus with proliferative diabetic retinopathy with combined traction retinal detachment and rhegmatogenous retinal detachment,Type 1 diabetes,
,E103541,ICD10CM,"Type 1 diabetes mellitus with proliferative diabetic retinopathy with combined traction retinal detachment and rhegmatogenous retinal detachment, right eye",Type 1 diabetes,
,E103542,ICD10CM,"Type 1 diabetes mellitus with proliferative diabetic retinopathy with combined traction retinal detachment and rhegmatogenous retinal detachment, left eye",Type 1 diabetes,
,E103543,ICD10CM,"Type 1 diabetes mellitus with proliferative diabetic retinopathy with combined traction retinal detachment and rhegmatogenous retinal detachment, bilateral",Type 1 diabetes,
,E103549,ICD10CM,"Type 1 diabetes mellitus with proliferative diabetic retinopathy with combined traction retinal detachment and rhegmatogenous retinal detachment, unspecified eye",Type 1 diabetes,
,E10355,ICD10CM,Type 1 diabetes mellitus with stable proliferative diabetic retinopathy,Type 1 diabetes,
,E103551,ICD10CM,"Type 1 diabetes mellitus with stable proliferative diabetic retinopathy, right eye",Type 1 diabetes,
,E103552,ICD10CM,"Type 1 diabetes mellitus with stable proliferative diabetic retinopathy, left eye",Type 1 diabetes,
,E103553,ICD10CM,"Type 1 diabetes mellitus with stable proliferative diabetic retinopathy, bilateral",Type 1 diabetes,
,E103559,ICD10CM,"Type 1 diabetes mellitus with stable proliferative diabetic retinopathy, unspecified eye",Type 1 diabetes,
,E10359,ICD10CM,Type 1 diabetes mellitus with proliferative diabetic retinopathy without macular edema,Type 1 diabetes,
,E103591,ICD10CM,"Type 1 diabetes mellitus with proliferative diabetic retinopathy without macular edema, right eye",Type 1 diabetes,
,E103592,ICD10CM,"Type 1 diabetes mellitus with proliferative diabetic retinopathy without macular edema, left eye",Type 1 diabetes,
,E103593,ICD10CM,"Type 1 diabetes mellitus with proliferative diabetic retinopathy without macular edema, bilateral",Type 1 diabetes,
,E103599,ICD10CM,"Type 1 diabetes mellitus with proliferative diabetic retinopathy without macular edema, unspecified eye",Type 1 diabetes,
,E1036,ICD10CM,Type 1 diabetes mellitus with diabetic cataract,Type 1 diabetes,
,E1037,ICD10CM,"Type 1 diabetes mellitus with diabetic macular edema, resolved following treatment",Type 1 diabetes,
,E1037X1,ICD10CM,"Type 1 diabetes mellitus with diabetic macular edema, resolved following treatment, right eye",Type 1 diabetes,
,E1037X2,ICD10CM,"Type 1 diabetes mellitus with diabetic macular edema, resolved following treatment, left eye",Type 1 diabetes,
,E1037X3,ICD10CM,"Type 1 diabetes mellitus with diabetic macular edema, resolved following treatment, bilateral",Type 1 diabetes,
,E1037X9,ICD10CM,"Type 1 diabetes mellitus with diabetic macular edema, resolved following treatment, unspecified eye",Type 1 diabetes,
,E1039,ICD10CM,Type 1 diabetes mellitus with other diabetic ophthalmic complication,Type 1 diabetes,
,E104,ICD10CM,Type 1 diabetes mellitus with neurological complications,Type 1 diabetes,
,E1040,ICD10CM,"Type 1 diabetes mellitus with diabetic neuropathy, unspecified",Type 1 diabetes,
,E1041,ICD10CM,Type 1 diabetes mellitus with diabetic mononeuropathy,Type 1 diabetes,
,E1042,ICD10CM,Type 1 diabetes mellitus with diabetic polyneuropathy,Type 1 diabetes,
,E1043,ICD10CM,Type 1 diabetes mellitus with diabetic autonomic (poly)neuropathy,Type 1 diabetes,
,E1044,ICD10CM,Type 1 diabetes mellitus with diabetic amyotrophy,Type 1 diabetes,
,E1049,ICD10CM,Type 1 diabetes mellitus with other diabetic neurological complication,Type 1 diabetes,
,E105,ICD10CM,Type 1 diabetes mellitus with circulatory complications,Type 1 diabetes,
,E1051,ICD10CM,Type 1 diabetes mellitus with diabetic peripheral angiopathy without gangrene,Type 1 diabetes,
,E1052,ICD10CM,Type 1 diabetes mellitus with diabetic peripheral angiopathy with gangrene,Type 1 diabetes,
,E1059,ICD10CM,Type 1 diabetes mellitus with other circulatory complications,Type 1 diabetes,
,E106,ICD10CM,Type 1 diabetes mellitus with other specified complications,Type 1 diabetes,
,E1061,ICD10CM,Type 1 diabetes mellitus with diabetic arthropathy,Type 1 diabetes,
,E10610,ICD10CM,Type 1 diabetes mellitus with diabetic neuropathic arthropathy,Type 1 diabetes,
,E10618,ICD10CM,Type 1 diabetes mellitus with other diabetic arthropathy,Type 1 diabetes,
,E1062,ICD10CM,Type 1 diabetes mellitus with skin complications,Type 1 diabetes,
,E10620,ICD10CM,Type 1 diabetes mellitus with diabetic dermatitis,Type 1 diabetes,
,E10621,ICD10CM,Type 1 diabetes mellitus with foot ulcer,Type 1 diabetes,
,E10622,ICD10CM,Type 1 diabetes mellitus with other skin ulcer,Type 1 diabetes,
,E10628,ICD10CM,Type 1 diabetes mellitus with other skin complications,Type 1 diabetes,
,E1063,ICD10CM,Type 1 diabetes mellitus with oral complications,Type 1 diabetes,
,E10630,ICD10CM,Type 1 diabetes mellitus with periodontal disease,Type 1 diabetes,
,E10638,ICD10CM,Type 1 diabetes mellitus with other oral complications,Type 1 diabetes,
,E1065,ICD10CM,Type 1 diabetes mellitus with hyperglycemia,Type 1 diabetes,
,E1069,ICD10CM,Type 1 diabetes mellitus with other specified complication,Type 1 diabetes,
,E108,ICD10CM,Type 1 diabetes mellitus with unspecified complications,Type 1 diabetes,
,E109,ICD10CM,Type 1 diabetes mellitus without complications,Type 1 diabetes,
,E11,ICD10CM,Type 2 diabetes mellitus,Type 2 diabetes,
,E110,ICD10CM,Type 2 diabetes mellitus with hyperosmolarity,Type 2 diabetes,
,E1100,ICD10CM,Type 2 diabetes mellitus with hyperosmolarity without nonketotic hyperglycemic-hyperosmolar coma (NKHHC),Type 2 diabetes,
,E1101,ICD10CM,Type 2 diabetes mellitus with hyperosmolarity with coma,Type 2 diabetes,
,E111,ICD10CM,Type 2 diabetes mellitus with ketoacidosis,Type 2 diabetes,
,E1110,ICD10CM,Type 2 diabetes mellitus with ketoacidosis without coma,Type 2 diabetes,
,E1111,ICD10CM,Type 2 diabetes mellitus with ketoacidosis with coma,Type 2 diabetes,
,E112,ICD10CM,Type 2 diabetes mellitus with kidney complications,Type 2 diabetes,
,E1121,ICD10CM,Type 2 diabetes mellitus with diabetic nephropathy,Type 2 diabetes,
,E1122,ICD10CM,Type 2 diabetes mellitus with diabetic chronic kidney disease,Type 2 diabetes,
,E1129,ICD10CM,Type 2 diabetes mellitus with other diabetic kidney complication,Type 2 diabetes,
,E113,ICD10CM,Type 2 diabetes mellitus with ophthalmic complications,Type 2 diabetes,
,E1131,ICD10CM,Type 2 diabetes mellitus with unspecified diabetic retinopathy,Type 2 diabetes,
,E11311,ICD10CM,Type 2 diabetes mellitus with unspecified diabetic retinopathy with macular edema,Type 2 diabetes,
,E11319,ICD10CM,Type 2 diabetes mellitus with unspecified diabetic retinopathy without macular edema,Type 2 diabetes,
,E1132,ICD10CM,Type 2 diabetes mellitus with mild nonproliferative diabetic retinopathy,Type 2 diabetes,
,E11321,ICD10CM,Type 2 diabetes mellitus with mild nonproliferative diabetic retinopathy with macular edema,Type 2 diabetes,
,E113211,ICD10CM,"Type 2 diabetes mellitus with mild nonproliferative diabetic retinopathy with macular edema, right eye",Type 2 diabetes,
,E113212,ICD10CM,"Type 2 diabetes mellitus with mild nonproliferative diabetic retinopathy with macular edema, left eye",Type 2 diabetes,
,E113213,ICD10CM,"Type 2 diabetes mellitus with mild nonproliferative diabetic retinopathy with macular edema, bilateral",Type 2 diabetes,
,E113219,ICD10CM,"Type 2 diabetes mellitus with mild nonproliferative diabetic retinopathy with macular edema, unspecified eye",Type 2 diabetes,
,E11329,ICD10CM,Type 2 diabetes mellitus with mild nonproliferative diabetic retinopathy without macular edema,Type 2 diabetes,
,E113291,ICD10CM,"Type 2 diabetes mellitus with mild nonproliferative diabetic retinopathy without macular edema, right eye",Type 2 diabetes,
,E113292,ICD10CM,"Type 2 diabetes mellitus with mild nonproliferative diabetic retinopathy without macular edema, left eye",Type 2 diabetes,
,E113293,ICD10CM,"Type 2 diabetes mellitus with mild nonproliferative diabetic retinopathy without macular edema, bilateral",Type 2 diabetes,
,E113299,ICD10CM,"Type 2 diabetes mellitus with mild nonproliferative diabetic retinopathy without macular edema, unspecified eye",Type 2 diabetes,
,E1133,ICD10CM,Type 2 diabetes mellitus with moderate nonproliferative diabetic retinopathy,Type 2 diabetes,
,E11331,ICD10CM,Type 2 diabetes mellitus with moderate nonproliferative diabetic retinopathy with macular edema,Type 2 diabetes,
,E113311,ICD10CM,"Type 2 diabetes mellitus with moderate nonproliferative diabetic retinopathy with macular edema, right eye",Type 2 diabetes,
,E113312,ICD10CM,"Type 2 diabetes mellitus with moderate nonproliferative diabetic retinopathy with macular edema, left eye",Type 2 diabetes,
,E113313,ICD10CM,"Type 2 diabetes mellitus with moderate nonproliferative diabetic retinopathy with macular edema, bilateral",Type 2 diabetes,
,E113319,ICD10CM,"Type 2 diabetes mellitus with moderate nonproliferative diabetic retinopathy with macular edema, unspecified eye",Type 2 diabetes,
,E11339,ICD10CM,Type 2 diabetes mellitus with moderate nonproliferative diabetic retinopathy without macular edema,Type 2 diabetes,
,E113391,ICD10CM,"Type 2 diabetes mellitus with moderate nonproliferative diabetic retinopathy without macular edema, right eye",Type 2 diabetes,
,E113392,ICD10CM,"Type 2 diabetes mellitus with moderate nonproliferative diabetic retinopathy without macular edema, left eye",Type 2 diabetes,
,E113393,ICD10CM,"Type 2 diabetes mellitus with moderate nonproliferative diabetic retinopathy without macular edema, bilateral",Type 2 diabetes,
,E113399,ICD10CM,"Type 2 diabetes mellitus with moderate nonproliferative diabetic retinopathy without macular edema, unspecified eye",Type 2 diabetes,
,E1134,ICD10CM,Type 2 diabetes mellitus with severe nonproliferative diabetic retinopathy,Type 2 diabetes,
,E11341,ICD10CM,Type 2 diabetes mellitus with severe nonproliferative diabetic retinopathy with macular edema,Type 2 diabetes,
,E113411,ICD10CM,"Type 2 diabetes mellitus with severe nonproliferative diabetic retinopathy with macular edema, right eye",Type 2 diabetes,
,E113412,ICD10CM,"Type 2 diabetes mellitus with severe nonproliferative diabetic retinopathy with macular edema, left eye",Type 2 diabetes,
,E113413,ICD10CM,"Type 2 diabetes mellitus with severe nonproliferative diabetic retinopathy with macular edema, bilateral",Type 2 diabetes,
,E113419,ICD10CM,"Type 2 diabetes mellitus with severe nonproliferative diabetic retinopathy with macular edema, unspecified eye",Type 2 diabetes,
,E11349,ICD10CM,Type 2 diabetes mellitus with severe nonproliferative diabetic retinopathy without macular edema,Type 2 diabetes,
,E113491,ICD10CM,"Type 2 diabetes mellitus with severe nonproliferative diabetic retinopathy without macular edema, right eye",Type 2 diabetes,
,E113492,ICD10CM,"Type 2 diabetes mellitus with severe nonproliferative diabetic retinopathy without macular edema, left eye",Type 2 diabetes,
,E113493,ICD10CM,"Type 2 diabetes mellitus with severe nonproliferative diabetic retinopathy without macular edema, bilateral",Type 2 diabetes,
,E113499,ICD10CM,"Type 2 diabetes mellitus with severe nonproliferative diabetic retinopathy without macular edema, unspecified eye",Type 2 diabetes,
,E1135,ICD10CM,Type 2 diabetes mellitus with proliferative diabetic retinopathy,Type 2 diabetes,
,E11351,ICD10CM,Type 2 diabetes mellitus with proliferative diabetic retinopathy with macular edema,Type 2 diabetes,
,E113511,ICD10CM,"Type 2 diabetes mellitus with proliferative diabetic retinopathy with macular edema, right eye",Type 2 diabetes,
,E113512,ICD10CM,"Type 2 diabetes mellitus with proliferative diabetic retinopathy with macular edema, left eye",Type 2 diabetes,
,E113513,ICD10CM,"Type 2 diabetes mellitus with proliferative diabetic retinopathy with macular edema, bilateral",Type 2 diabetes,
,E113519,ICD10CM,"Type 2 diabetes mellitus with proliferative diabetic retinopathy with macular edema, unspecified eye",Type 2 diabetes,
,E11352,ICD10CM,Type 2 diabetes mellitus with proliferative diabetic retinopathy with traction retinal detachment involving the macula,Type 2 diabetes,
,E113521,ICD10CM,"Type 2 diabetes mellitus with proliferative diabetic retinopathy with traction retinal detachment involving the macula, right eye",Type 2 diabetes,
,E113522,ICD10CM,"Type 2 diabetes mellitus with proliferative diabetic retinopathy with traction retinal detachment involving the macula, left eye",Type 2 diabetes,
,E113523,ICD10CM,"Type 2 diabetes mellitus with proliferative diabetic retinopathy with traction retinal detachment involving the macula, bilateral",Type 2 diabetes,
,E113529,ICD10CM,"Type 2 diabetes mellitus with proliferative diabetic retinopathy with traction retinal detachment involving the macula, unspecified eye",Type 2 diabetes,
,E11353,ICD10CM,Type 2 diabetes mellitus with proliferative diabetic retinopathy with traction retinal detachment not involving the macula,Type 2 diabetes,
,E113531,ICD10CM,"Type 2 diabetes mellitus with proliferative diabetic retinopathy with traction retinal detachment not involving the macula, right eye",Type 2 diabetes,
,E113532,ICD10CM,"Type 2 diabetes mellitus with proliferative diabetic retinopathy with traction retinal detachment not involving the macula, left eye",Type 2 diabetes,
,E113533,ICD10CM,"Type 2 diabetes mellitus with proliferative diabetic retinopathy with traction retinal detachment not involving the macula, bilateral",Type 2 diabetes,
,E113539,ICD10CM,"Type 2 diabetes mellitus with proliferative diabetic retinopathy with traction retinal detachment not involving the macula, unspecified eye",Type 2 diabetes,
,E11354,ICD10CM,Type 2 diabetes mellitus with proliferative diabetic retinopathy with combined traction retinal detachment and rhegmatogenous retinal detachment,Type 2 diabetes,
,E113541,ICD10CM,"Type 2 diabetes mellitus with proliferative diabetic retinopathy with combined traction retinal detachment and rhegmatogenous retinal detachment, right eye",Type 2 diabetes,
,E113542,ICD10CM,"Type 2 diabetes mellitus with proliferative diabetic retinopathy with combined traction retinal detachment and rhegmatogenous retinal detachment, left eye",Type 2 diabetes,
,E113543,ICD10CM,"Type 2 diabetes mellitus with proliferative diabetic retinopathy with combined traction retinal detachment and rhegmatogenous retinal detachment, bilateral",Type 2 diabetes,
,E113549,ICD10CM,"Type 2 diabetes mellitus with proliferative diabetic retinopathy with combined traction retinal detachment and rhegmatogenous retinal detachment, unspecified eye",Type 2 diabetes,
,E11355,ICD10CM,Type 2 diabetes mellitus with stable proliferative diabetic retinopathy,Type 2 diabetes,
,E113551,ICD10CM,"Type 2 diabetes mellitus with stable proliferative diabetic retinopathy, right eye",Type 2 diabetes,
,E113552,ICD10CM,"Type 2 diabetes mellitus with stable proliferative diabetic retinopathy, left eye",Type 2 diabetes,
,E113553,ICD10CM,"Type 2 diabetes mellitus with stable proliferative diabetic retinopathy, bilateral",Type 2 diabetes,
,E113559,ICD10CM,"Type 2 diabetes mellitus with stable proliferative diabetic retinopathy, unspecified eye",Type 2 diabetes,
,E11359,ICD10CM,Type 2 diabetes mellitus with proliferative diabetic retinopathy without macular edema,Type 2 diabetes,
,E113591,ICD10CM,"Type 2 diabetes mellitus with proliferative diabetic retinopathy without macular edema, right eye",Type 2 diabetes,
,E113592,ICD10CM,"Type 2 diabetes mellitus with proliferative diabetic retinopathy without macular edema, left eye",Type 2 diabetes,
,E113593,ICD10CM,"Type 2 diabetes mellitus with proliferative diabetic retinopathy without macular edema, bilateral",Type 2 diabetes,
,E113599,ICD10CM,"Type 2 diabetes mellitus with proliferative diabetic retinopathy without macular edema, unspecified eye",Type 2 diabetes,
,E1136,ICD10CM,Type 2 diabetes mellitus with diabetic cataract,Type 2 diabetes,
,E1137,ICD10CM,"Type 2 diabetes mellitus with diabetic macular edema, resolved following treatment",Type 2 diabetes,
,E1137X1,ICD10CM,"Type 2 diabetes mellitus with diabetic macular edema, resolved following treatment, right eye",Type 2 diabetes,
,E1137X2,ICD10CM,"Type 2 diabetes mellitus with diabetic macular edema, resolved following treatment, left eye",Type 2 diabetes,
,E1137X3,ICD10CM,"Type 2 diabetes mellitus with diabetic macular edema, resolved following treatment, bilateral",Type 2 diabetes,
,E1137X9,ICD10CM,"Type 2 diabetes mellitus with diabetic macular edema, resolved following treatment, unspecified eye",Type 2 diabetes,
,E1139,ICD10CM,Type 2 diabetes mellitus with other diabetic ophthalmic complication,Type 2 diabetes,
,E114,ICD10CM,Type 2 diabetes mellitus with neurological complications,Type 2 diabetes,
,E1140,ICD10CM,"Type 2 diabetes mellitus with diabetic neuropathy, unspecified",Type 2 diabetes,
,E1141,ICD10CM,Type 2 diabetes mellitus with diabetic mononeuropathy,Type 2 diabetes,
,E1142,ICD10CM,Type 2 diabetes mellitus with diabetic polyneuropathy,Type 2 diabetes,
,E1143,ICD10CM,Type 2 diabetes mellitus with diabetic autonomic (poly)neuropathy,Type 2 diabetes,
,E1144,ICD10CM,Type 2 diabetes mellitus with diabetic amyotrophy,Type 2 diabetes,
,E1149,ICD10CM,Type 2 diabetes mellitus with other diabetic neurological complication,Type 2 diabetes,
,E115,ICD10CM,Type 2 diabetes mellitus with circulatory complications,Type 2 diabetes,
,E1151,ICD10CM,Type 2 diabetes mellitus with diabetic peripheral angiopathy without gangrene,Type 2 diabetes,
,E1152,ICD10CM,Type 2 diabetes mellitus with diabetic peripheral angiopathy with gangrene,Type 2 diabetes,
,E1159,ICD10CM,Type 2 diabetes mellitus with other circulatory complications,Type 2 diabetes,
,E116,ICD10CM,Type 2 diabetes mellitus with other specified complications,Type 2 diabetes,
,E1161,ICD10CM,Type 2 diabetes mellitus with diabetic arthropathy,Type 2 diabetes,
,E11610,ICD10CM,Type 2 diabetes mellitus with diabetic neuropathic arthropathy,Type 2 diabetes,
,E11618,ICD10CM,Type 2 diabetes mellitus with other diabetic arthropathy,Type 2 diabetes,
,E1162,ICD10CM,Type 2 diabetes mellitus with skin complications,Type 2 diabetes,
,E11620,ICD10CM,Type 2 diabetes mellitus with diabetic dermatitis,Type 2 diabetes,
,E11621,ICD10CM,Type 2 diabetes mellitus with foot ulcer,Type 2 diabetes,
,E11622,ICD10CM,Type 2 diabetes mellitus with other skin ulcer,Type 2 diabetes,
,E11628,ICD10CM,Type 2 diabetes mellitus with other skin complications,Type 2 diabetes,
,E1163,ICD10CM,Type 2 diabetes mellitus with oral complications,Type 2 diabetes,
,E11630,ICD10CM,Type 2 diabetes mellitus with periodontal disease,Type 2 diabetes,
,E11638,ICD10CM,Type 2 diabetes mellitus with other oral complications,Type 2 diabetes,
,E1165,ICD10CM,Type 2 diabetes mellitus with hyperglycemia,Type 2 diabetes,
,E1169,ICD10CM,Type 2 diabetes mellitus with other specified complication,Type 2 diabetes,
,E118,ICD10CM,Type 2 diabetes mellitus with unspecified complications,Type 2 diabetes,
,E119,ICD10CM,Type 2 diabetes mellitus without complications,Type 2 diabetes,
,E13,ICD10CM,Other specified diabetes mellitus,Other diabetes,
,E130,ICD10CM,Other specified diabetes mellitus with hyperosmolarity,Other diabetes,
,E1300,ICD10CM,Other specified diabetes mellitus with hyperosmolarity without nonketotic hyperglycemic-hyperosmolar coma (NKHHC),Other diabetes,
,E1301,ICD10CM,Other specified diabetes mellitus with hyperosmolarity with coma,Other diabetes,
,E131,ICD10CM,Other specified diabetes mellitus with ketoacidosis,Other diabetes,
,E1310,ICD10CM,Other specified diabetes mellitus with ketoacidosis without coma,Other diabetes,
,E1311,ICD10CM,Other specified diabetes mellitus with ketoacidosis with coma,Other diabetes,
,E132,ICD10CM,Other specified diabetes mellitus with kidney complications,Other diabetes,
,E1321,ICD10CM,Other specified diabetes mellitus with diabetic nephropathy,Other diabetes,
,E1322,ICD10CM,Other specified diabetes mellitus with diabetic chronic kidney disease,Other diabetes,
,E1329,ICD10CM,Other specified diabetes mellitus with other diabetic kidney complication,Other diabetes,
,E133,ICD10CM,Other specified diabetes mellitus with ophthalmic complications,Other diabetes,
,E1331,ICD10CM,Other specified diabetes mellitus with unspecified diabetic retinopathy,Other diabetes,
,E13311,ICD10CM,Other specified diabetes mellitus with unspecified diabetic retinopathy with macular edema,Other diabetes,
,E13319,ICD10CM,Other specified diabetes mellitus with unspecified diabetic retinopathy without macular edema,Other diabetes,
,E1332,ICD10CM,Other specified diabetes mellitus with mild nonproliferative diabetic retinopathy,Other diabetes,
,E13321,ICD10CM,Other specified diabetes mellitus with mild nonproliferative diabetic retinopathy with macular edema,Other diabetes,
,E133211,ICD10CM,"Other specified diabetes mellitus with mild nonproliferative diabetic retinopathy with macular edema, right eye",Other diabetes,
,E133212,ICD10CM,"Other specified diabetes mellitus with mild nonproliferative diabetic retinopathy with macular edema, left eye",Other diabetes,
,E133213,ICD10CM,"Other specified diabetes mellitus with mild nonproliferative diabetic retinopathy with macular edema, bilateral",Other diabetes,
,E133219,ICD10CM,"Other specified diabetes mellitus with mild nonproliferative diabetic retinopathy with macular edema, unspecified eye",Other diabetes,
,E13329,ICD10CM,Other specified diabetes mellitus with mild nonproliferative diabetic retinopathy without macular edema,Other diabetes,
,E133291,ICD10CM,"Other specified diabetes mellitus with mild nonproliferative diabetic retinopathy without macular edema, right eye",Other diabetes,
,E133292,ICD10CM,"Other specified diabetes mellitus with mild nonproliferative diabetic retinopathy without macular edema, left eye",Other diabetes,
,E133293,ICD10CM,"Other specified diabetes mellitus with mild nonproliferative diabetic retinopathy without macular edema, bilateral",Other diabetes,
,E133299,ICD10CM,"Other specified diabetes mellitus with mild nonproliferative diabetic retinopathy without macular edema, unspecified eye",Other diabetes,
,E1333,ICD10CM,Other specified diabetes mellitus with moderate nonproliferative diabetic retinopathy,Other diabetes,
,E13331,ICD10CM,Other specified diabetes mellitus with moderate nonproliferative diabetic retinopathy with macular edema,Other diabetes,
,E133311,ICD10CM,"Other specified diabetes mellitus with moderate nonproliferative diabetic retinopathy with macular edema, right eye",Other diabetes,
,E133312,ICD10CM,"Other specified diabetes mellitus with moderate nonproliferative diabetic retinopathy with macular edema, left eye",Other diabetes,
,E133313,ICD10CM,"Other specified diabetes mellitus with moderate nonproliferative diabetic retinopathy with macular edema, bilateral",Other diabetes,
,E133319,ICD10CM,"Other specified diabetes mellitus with moderate nonproliferative diabetic retinopathy with macular edema, unspecified eye",Other diabetes,
,E13339,ICD10CM,Other specified diabetes mellitus with moderate nonproliferative diabetic retinopathy without macular edema,Other diabetes,
,E133391,ICD10CM,"Other specified diabetes mellitus with moderate nonproliferative diabetic retinopathy without macular edema, right eye",Other diabetes,
,E133392,ICD10CM,"Other specified diabetes mellitus with moderate nonproliferative diabetic retinopathy without macular edema, left eye",Other diabetes,
,E133393,ICD10CM,"Other specified diabetes mellitus with moderate nonproliferative diabetic retinopathy without macular edema, bilateral",Other diabetes,
,E133399,ICD10CM,"Other specified diabetes mellitus with moderate nonproliferative diabetic retinopathy without macular edema, unspecified eye",Other diabetes,
,E1334,ICD10CM,Other specified diabetes mellitus with severe nonproliferative diabetic retinopathy,Other diabetes,
,E13341,ICD10CM,Other specified diabetes mellitus with severe nonproliferative diabetic retinopathy with macular edema,Other diabetes,
,E133411,ICD10CM,"Other specified diabetes mellitus with severe nonproliferative diabetic retinopathy with macular edema, right eye",Other diabetes,
,E133412,ICD10CM,"Other specified diabetes mellitus with severe nonproliferative diabetic retinopathy with macular edema, left eye",Other diabetes,
,E133413,ICD10CM,"Other specified diabetes mellitus with severe nonproliferative diabetic retinopathy with macular edema, bilateral",Other diabetes,
,E133419,ICD10CM,"Other specified diabetes mellitus with severe nonproliferative diabetic retinopathy with macular edema, unspecified eye",Other diabetes,
,E13349,ICD10CM,Other specified diabetes mellitus with severe nonproliferative diabetic retinopathy without macular edema,Other diabetes,
,E133491,ICD10CM,"Other specified diabetes mellitus with severe nonproliferative diabetic retinopathy without macular edema, right eye",Other diabetes,
,E133492,ICD10CM,"Other specified diabetes mellitus with severe nonproliferative diabetic retinopathy without macular edema, left eye",Other diabetes,
,E133493,ICD10CM,"Other specified diabetes mellitus with severe nonproliferative diabetic retinopathy without macular edema, bilateral",Other diabetes,
,E133499,ICD10CM,"Other specified diabetes mellitus with severe nonproliferative diabetic retinopathy without macular edema, unspecified eye",Other diabetes,
,E1335,ICD10CM,Other specified diabetes mellitus with proliferative diabetic retinopathy,Other diabetes,
,E13351,ICD10CM,Other specified diabetes mellitus with proliferative diabetic retinopathy with macular edema,Other diabetes,
,E133511,ICD10CM,"Other specified diabetes mellitus with proliferative diabetic retinopathy with macular edema, right eye",Other diabetes,
,E133512,ICD10CM,"Other specified diabetes mellitus with proliferative diabetic retinopathy with macular edema, left eye",Other diabetes,
,E133513,ICD10CM,"Other specified diabetes mellitus with proliferative diabetic retinopathy with macular edema, bilateral",Other diabetes,
,E133519,ICD10CM,"Other specified diabetes mellitus with proliferative diabetic retinopathy with macular edema, unspecified eye",Other diabetes,
,E13352,ICD10CM,Other specified diabetes mellitus with proliferative diabetic retinopathy with traction retinal detachment involving the macula,Other diabetes,
,E133521,ICD10CM,"Other specified diabetes mellitus with proliferative diabetic retinopathy with traction retinal detachment involving the macula, right eye",Other diabetes,
,E133522,ICD10CM,"Other specified diabetes mellitus with proliferative diabetic retinopathy with traction retinal detachment involving the macula, left eye",Other diabetes,
,E133523,ICD10CM,"Other specified diabetes mellitus with proliferative diabetic retinopathy with traction retinal detachment involving the macula, bilateral",Other diabetes,
,E133529,ICD10CM,"Other specified diabetes mellitus with proliferative diabetic retinopathy with traction retinal detachment involving the macula, unspecified eye",Other diabetes,
,E13353,ICD10CM,Other specified diabetes mellitus with proliferative diabetic retinopathy with traction retinal detachment not involving the macula,Other diabetes,
,E133531,ICD10CM,"Other specified diabetes mellitus with proliferative diabetic retinopathy with traction retinal detachment not involving the macula, right eye",Other diabetes,
,E133532,ICD10CM,"Other specified diabetes mellitus with proliferative diabetic retinopathy with traction retinal detachment not involving the macula, left eye",Other diabetes,
,E133533,ICD10CM,"Other specified diabetes mellitus with proliferative diabetic retinopathy with traction retinal detachment not involving the macula, bilateral",Other diabetes,
,E133539,ICD10CM,"Other specified diabetes mellitus with proliferative diabetic retinopathy with traction retinal detachment not involving the macula, unspecified eye",Other diabetes,
,E13354,ICD10CM,Other specified diabetes mellitus with proliferative diabetic retinopathy with combined traction retinal detachment and rhegmatogenous retinal detachment,Other diabetes,
,E133541,ICD10CM,"Other specified diabetes mellitus with proliferative diabetic retinopathy with combined traction retinal detachment and rhegmatogenous retinal detachment, right eye",Other diabetes,
,E133542,ICD10CM,"Other specified diabetes mellitus with proliferative diabetic retinopathy with combined traction retinal detachment and rhegmatogenous retinal detachment, left eye",Other diabetes,
,E133543,ICD10CM,"Other specified diabetes mellitus with proliferative diabetic retinopathy with combined traction retinal detachment and rhegmatogenous retinal detachment, bilateral",Other diabetes,
,E133549,ICD10CM,"Other specified diabetes mellitus with proliferative diabetic retinopathy with combined traction retinal detachment and rhegmatogenous retinal detachment, unspecified eye",Other diabetes,
,E13355,ICD10CM,Other specified diabetes mellitus with stable proliferative diabetic retinopathy,Other diabetes,
,E133551,ICD10CM,"Other specified diabetes mellitus with stable proliferative diabetic retinopathy, right eye",Other diabetes,
,E133552,ICD10CM,"Other specified diabetes mellitus with stable proliferative diabetic retinopathy, left eye",Other diabetes,
,E133553,ICD10CM,"Other specified diabetes mellitus with stable proliferative diabetic retinopathy, bilateral",Other diabetes,
,E133559,ICD10CM,"Other specified diabetes mellitus with stable proliferative diabetic retinopathy, unspecified eye",Other diabetes,
,E13359,ICD10CM,Other specified diabetes mellitus with proliferative diabetic retinopathy without macular edema,Other diabetes,
,E133591,ICD10CM,"Other specified diabetes mellitus with proliferative diabetic retinopathy without macular edema, right eye",Other diabetes,
,E133592,ICD10CM,"Other specified diabetes mellitus with proliferative diabetic retinopathy without macular edema, left eye",Other diabetes,
,E133593,ICD10CM,"Other specified diabetes mellitus with proliferative diabetic retinopathy without macular edema, bilateral",Other diabetes,
,E133599,ICD10CM,"Other specified diabetes mellitus with proliferative diabetic retinopathy without macular edema, unspecified eye",Other diabetes,
,E1336,ICD10CM,Other specified diabetes mellitus with diabetic cataract,Other diabetes,
,E1337,ICD10CM,"Other specified diabetes mellitus with diabetic macular edema, resolved following treatment",Other diabetes,
,E1337X1,ICD10CM,"Other specified diabetes mellitus with diabetic macular edema, resolved following treatment, right eye",Other diabetes,
,E1337X2,ICD10CM,"Other specified diabetes mellitus with diabetic macular edema, resolved following treatment, left eye",Other diabetes,
,E1337X3,ICD10CM,"Other specified diabetes mellitus with diabetic macular edema, resolved following treatment, bilateral",Other diabetes,
,E1337X9,ICD10CM,"Other specified diabetes mellitus with diabetic macular edema, resolved following treatment, unspecified eye",Other diabetes,
,E1339,ICD10CM,Other specified diabetes mellitus with other diabetic ophthalmic complication,Other diabetes,
,E134,ICD10CM,Other specified diabetes mellitus with neurological complications,Other diabetes,
,E1340,ICD10CM,"Other specified diabetes mellitus with diabetic neuropathy, unspecified",Other diabetes,
,E1341,ICD10CM,Other specified diabetes mellitus with diabetic mononeuropathy,Other diabetes,
,E1342,ICD10CM,Other specified diabetes mellitus with diabetic polyneuropathy,Other diabetes,
,E1343,ICD10CM,Other specified diabetes mellitus with diabetic autonomic (poly)neuropathy,Other diabetes,
,E1344,ICD10CM,Other specified diabetes mellitus with diabetic amyotrophy,Other diabetes,
,E1349,ICD10CM,Other specified diabetes mellitus with other diabetic neurological complication,Other diabetes,
,E135,ICD10CM,Other specified diabetes mellitus with circulatory complications,Other diabetes,
,E1351,ICD10CM,Other specified diabetes mellitus with diabetic peripheral angiopathy without gangrene,Other diabetes,
,E1352,ICD10CM,Other specified diabetes mellitus with diabetic peripheral angiopathy with gangrene,Other diabetes,
,E1359,ICD10CM,Other specified diabetes mellitus with other circulatory complications,Other diabetes,
,E136,ICD10CM,Other specified diabetes mellitus with other specified complications,Other diabetes,
,E1361,ICD10CM,Other specified diabetes mellitus with diabetic arthropathy,Other diabetes,
,E13610,ICD10CM,Other specified diabetes mellitus with diabetic neuropathic arthropathy,Other diabetes,
,E13618,ICD10CM,Other specified diabetes mellitus with other diabetic arthropathy,Other diabetes,
,E1362,ICD10CM,Other specified diabetes mellitus with skin complications,Other diabetes,
,E13620,ICD10CM,Other specified diabetes mellitus with diabetic dermatitis,Other diabetes,
,E13621,ICD10CM,Other specified diabetes mellitus with foot ulcer,Other diabetes,
,E13622,ICD10CM,Other specified diabetes mellitus with other skin ulcer,Other diabetes,
,E13628,ICD10CM,Other specified diabetes mellitus with other skin complications,Other diabetes,
,E1363,ICD10CM,Other specified diabetes mellitus with oral complications,Other diabetes,
,E13630,ICD10CM,Other specified diabetes mellitus with periodontal disease,Other diabetes,
,E13638,ICD10CM,Other specified diabetes mellitus with other oral complications,Other diabetes,
,E1365,ICD10CM,Other specified diabetes mellitus with hyperglycemia,Other diabetes,
,E1369,ICD10CM,Other specified diabetes mellitus with other specified complication,Other diabetes,
,E138,ICD10CM,Other specified diabetes mellitus with unspecified complications,Other diabetes,
,E139,ICD10CM,Other specified diabetes mellitus without complications,Other diabetes,
,,,,,
,E0864,ICD10CM,Diabetes mellitus due to underlying condition with hypoglycemia,Diabetes + Hypoglycemia,
,E08641,ICD10CM,Diabetes mellitus due to underlying condition with hypoglycemia with coma,Diabetes + Hypoglycemia,
,E08649,ICD10CM,Diabetes mellitus due to underlying condition with hypoglycemia without coma,Diabetes + Hypoglycemia,
,E0964,ICD10CM,Drug or chemical induced diabetes mellitus with hypoglycemia,Diabetes + Hypoglycemia,
,E09641,ICD10CM,Drug or chemical induced diabetes mellitus with hypoglycemia with coma,Diabetes + Hypoglycemia,
,E09649,ICD10CM,Drug or chemical induced diabetes mellitus with hypoglycemia without coma,Diabetes + Hypoglycemia,
,E1064,ICD10CM,Type 1 diabetes mellitus with hypoglycemia,Diabetes + Hypoglycemia,
,E10641,ICD10CM,Type 1 diabetes mellitus with hypoglycemia with coma,Diabetes + Hypoglycemia,
,E10649,ICD10CM,Type 1 diabetes mellitus with hypoglycemia without coma,Diabetes + Hypoglycemia,
,E1164,ICD10CM,Type 2 diabetes mellitus with hypoglycemia,Diabetes + Hypoglycemia,
,E11641,ICD10CM,Type 2 diabetes mellitus with hypoglycemia with coma,Diabetes + Hypoglycemia,
,E11649,ICD10CM,Type 2 diabetes mellitus with hypoglycemia without coma,Diabetes + Hypoglycemia,
,E1364,ICD10CM,Other specified diabetes mellitus with hypoglycemia,Diabetes + Hypoglycemia,
,E13641,ICD10CM,Other specified diabetes mellitus with hypoglycemia with coma,Diabetes + Hypoglycemia,
,E13649,ICD10CM,Other specified diabetes mellitus with hypoglycemia without coma,Diabetes + Hypoglycemia,
,E160,ICD10CM,Drug-induced hypoglycemia without coma,Hypoglycemia - drug induced,
,E161,ICD10CM,Other hypoglycemia,Hypoglycemia - other,
,E162,ICD10CM,"Hypoglycemia, unspecified",Hypoglycemia - unspecified,
,,,,,
,16681,IN RxCUI,acarbose,Alpha glucosidase inhibitors,
,30009,IN RxCUI,miglitol,Alpha glucosidase inhibitors,
,139953,IN RxCUI,pramlintide,Amylin mimetics,
,6809,IN RxCUI,metformin,Biguanides,
,593411,IN RxCUI,sitagliptin,DPP-4 inhibitors,
,1100699,IN RxCUI,linagliptin,DPP-4 inhibitors,
,1368001,IN RxCUI,alogliptin,DPP-4 inhibitors,
,857974,IN RxCUI,saxagliptin,DPP-4 inhibitors,
,1440051,IN RxCUI,lixisenatide,GLP-1 Agonists,
,1534763,IN RxCUI,albiglutide,GLP-1 Agonists,
,1551291,IN RxCUI,dulaglutide,GLP-1 Agonists,
,1991302,IN RxCUI,semaglutide,GLP-1 Agonists,
,475968,IN RxCUI,liraglutide,GLP-1 Agonists,
,60548,IN RxCUI,exenatide,GLP-1 Agonists,
,139825,IN RxCUI,insulin detemir,Insulins,
,1605101,IN RxCUI,insulin isophane,Insulins,
,1670007,IN RxCUI,insulin degludec,Insulins,
,253182,IN RxCUI,"insulin, regular, human",Insulins,
,274783,IN RxCUI,insulin glargine,Insulins,
,314684,IN RxCUI,"insulin lispro protamine, human",Insulins,
,352385,IN RxCUI,"insulin aspart protamine, human",Insulins,
,400008,IN RxCUI,"insulin glulisine, human",Insulins,
,51428,IN RxCUI,"insulin aspart, human",Insulins,
,86009,IN RxCUI,insulin lispro,Insulins,
,274332,IN RxCUI,nateglinide,Meglitinides,
,73044,IN RxCUI,repaglinide,Meglitinides,
,26344,IN RxCUI,guar gum ,Other,
,283540,IN RxCUI,apple pectin,Other,
,1373458,IN RxCUI,canagliflozin,SGLT2 inhibitors,
,1488564,IN RxCUI,dapagliflozin,SGLT2 inhibitors,
,1545653,IN RxCUI,empagliflozin,SGLT2 inhibitors,
,1992672,IN RxCUI,ertugliflozin,SGLT2 inhibitors,
,4821,IN RxCUI,glipizide,Sulfonylureas,
,10633,IN RxCUI,tolazamide,Sulfonylureas,
,10635,IN RxCUI,tolbutamide,Sulfonylureas,
,173,IN RxCUI,acetohexamide,Sulfonylureas,
,2404,IN RxCUI,chlorpropamide,Sulfonylureas,
,25789,IN RxCUI,glimepiride,Sulfonylureas,
,4815,IN RxCUI,glyburide,Sulfonylureas,
,33738,IN RxCUI,pioglitazone,Thiazolidinediones,
,72610,IN RxCUI,troglitazone,Thiazolidinediones,
,84108,IN RxCUI,rosiglitazone,Thiazolidinediones,
,J1815,HCPCS,"Injection, insulin, per 5 units",Insulins,
,J1817,HCPCS,"Insulin for administration through dme (i.e., insulin pump) per 50 units",Insulins,